                  epoch,         train/box_loss,         train/cls_loss,         train/dfl_loss,   metrics/precision(B),      metrics/recall(B),       metrics/mAP50(B),    metrics/mAP50-95(B),           val/box_loss,           val/cls_loss,           val/dfl_loss,                 lr/pg0,                 lr/pg1,                 lr/pg2
                      1,                0.66798,                 2.3985,                 1.1422,                0.74911,                0.45494,                0.60752,                 0.4731,                0.71698,                 1.7749,                 1.3123,             5.2992e-05,             5.2992e-05,             5.2992e-05
                      2,                0.66965,                 1.9812,                 1.1336,                0.73225,                0.70204,                0.78651,                  0.628,                0.66339,                 1.2333,                 1.2306,             8.4794e-05,             8.4794e-05,             8.4794e-05
                      3,                0.64942,                 1.6599,                 1.1149,                0.86996,                0.78198,                0.87507,                0.70744,                0.65716,                0.92752,                 1.2224,             9.5396e-05,             9.5396e-05,             9.5396e-05
                      4,                 0.6279,                 1.4705,                  1.105,                0.90993,                0.83249,                0.90978,                0.74548,                0.65049,                0.76245,                  1.207,               6.36e-05,               6.36e-05,               6.36e-05
                      5,                0.60815,                  1.337,                 1.0896,                0.92357,                0.86515,                0.92288,                0.76282,                0.62484,                0.68488,                 1.1773,             3.1801e-05,             3.1801e-05,             3.1801e-05
