                  epoch,         train/box_loss,         train/cls_loss,         train/dfl_loss,   metrics/precision(B),      metrics/recall(B),       metrics/mAP50(B),    metrics/mAP50-95(B),           val/box_loss,           val/cls_loss,           val/dfl_loss,                 lr/pg0,                 lr/pg1,                 lr/pg2
                      1,                0.33568,                 1.0501,                 1.0457,                0.89371,                0.83369,                0.91552,                 0.7736,                 0.5276,                0.49846,                 1.0674,              5.298e-05,              5.298e-05,              5.298e-05
                      2,                0.34067,                 1.0822,                 1.0494,                0.89884,                0.84552,                0.92151,                0.77706,                 0.5256,                0.46954,                  1.088,             8.4996e-05,             8.4996e-05,             8.4996e-05
                      3,                0.33867,                 1.0491,                 1.0458,                0.90402,                0.84622,                0.92336,                0.78767,                0.46843,                0.42552,                 1.0206,             9.6024e-05,             9.6024e-05,             9.6024e-05
                      4,                 0.3266,                 1.0003,                 1.0417,                0.90713,                0.87986,                0.93696,                 0.7995,                0.47188,                0.38853,                 1.0235,             6.4554e-05,             6.4554e-05,             6.4554e-05
                      5,                0.31909,                0.93817,                 1.0333,                 0.9359,                0.88163,                0.94337,                0.81648,                0.44884,                0.34367,                0.98107,             3.3072e-05,             3.3072e-05,             3.3072e-05
