                  epoch,         train/box_loss,         train/cls_loss,         train/dfl_loss,   metrics/precision(B),      metrics/recall(B),       metrics/mAP50(B),    metrics/mAP50-95(B),           val/box_loss,           val/cls_loss,           val/dfl_loss,                 lr/pg0,                 lr/pg1,                 lr/pg2
                      1,                0.30773,                0.88804,                 1.0266,                0.91677,                0.86579,                0.93337,                0.79293,                0.50224,                0.41302,                 1.0296,              5.298e-05,              5.298e-05,              5.298e-05
                      2,                0.31378,                0.93319,                 1.0309,                0.90678,                0.85333,                0.91908,                0.77344,                0.50764,                 0.4507,                 1.0662,             9.8985e-05,             9.8985e-05,             9.8985e-05
                      3,                0.32908,                0.97625,                 1.0375,                0.88025,                0.85128,                0.91438,                0.77479,                0.50955,                0.47169,                 1.0974,             0.00013799,             0.00013799,             0.00013799
                      4,                0.33618,                 1.0091,                 1.0455,                0.89372,                 0.8711,                 0.9272,                0.78955,                0.48764,                0.42637,                 1.0388,             0.00012752,             0.00012752,             0.00012752
                      5,                0.34073,                 1.0138,                 1.0452,                0.91319,                0.85708,                0.92745,                 0.7836,                0.50388,                0.41481,                  1.046,             0.00011702,             0.00011702,             0.00011702
