                  epoch,         train/box_loss,         train/cls_loss,         train/dfl_loss,   metrics/precision(B),      metrics/recall(B),       metrics/mAP50(B),    metrics/mAP50-95(B),           val/box_loss,           val/cls_loss,           val/dfl_loss,                 lr/pg0,                 lr/pg1,                 lr/pg2
                      1,                0.39251,                 1.4038,                 1.0901,                0.86155,                0.74396,                0.84242,                0.70067,                0.57427,                0.65286,                 1.1709,              5.298e-05,              5.298e-05,              5.298e-05
                      2,                0.39863,                  1.425,                 1.0939,                0.88815,                  0.775,                0.87201,                0.71888,                0.55933,                0.57273,                 1.1751,             8.4996e-05,             8.4996e-05,             8.4996e-05
                      3,                0.38485,                  1.314,                   1.08,                 0.8919,                0.79184,                0.89258,                0.74699,                0.51896,                0.51886,                  1.077,             9.6024e-05,             9.6024e-05,             9.6024e-05
                      4,                0.36676,                  1.211,                 1.0697,                0.87719,                0.84123,                0.91235,                0.76667,                0.50239,                0.46442,                 1.0561,             6.4554e-05,             6.4554e-05,             6.4554e-05
                      5,                0.34882,                 1.1028,                 1.0541,                 0.9094,                0.86449,                0.93351,                0.80201,                0.46258,                0.37322,                 1.0155,             3.3072e-05,             3.3072e-05,             3.3072e-05
