                  epoch,         train/box_loss,         train/cls_loss,         train/dfl_loss,   metrics/precision(B),      metrics/recall(B),       metrics/mAP50(B),    metrics/mAP50-95(B),           val/box_loss,           val/cls_loss,           val/dfl_loss,                 lr/pg0,                 lr/pg1,                 lr/pg2
                      1,                0.63229,                 1.1053,                 1.0538,                0.89343,                0.80131,                0.89141,                0.71772,                0.63373,                0.85977,                  1.118,             5.2987e-05,             5.2987e-05,             5.2987e-05
                      2,                0.63908,                 1.0568,                   1.06,                0.91004,                0.87911,                0.93315,                0.76621,                0.60899,                0.63028,                 1.1353,             8.5002e-05,             8.5002e-05,             8.5002e-05
                      3,                0.62846,                0.95754,                 1.0523,                0.94285,                0.89555,                0.94812,                0.79452,                0.56622,                0.53507,                 1.0425,             9.6028e-05,             9.6028e-05,             9.6028e-05
                      4,                0.59762,                   0.86,                 1.0358,                0.94644,                0.92046,                0.95862,                0.80841,                0.55517,                0.43214,                 1.0317,             6.4554e-05,             6.4554e-05,             6.4554e-05
                      5,                0.56758,                 0.7697,                 1.0199,                0.95497,                0.93113,                0.96618,                0.82781,                0.52681,                 0.3886,                0.98792,             3.3072e-05,             3.3072e-05,             3.3072e-05
